"Target URL","Primary Keyword","Keyword Count","Highest Priority","Recommended Content Type","Status","Content Brief"
"/","agency management software","156","P1","Commercial landing page","Mapped to existing page","Homepage owns the global agency-management category; no duplicate exact-match page."
"/agency-crm","agency CRM","83","P1","CRM hub / landing page","Mapped to new page","Authoritative post-sale agency CRM hub."
"/client-portal","client portal for agencies","67","P1","Feature / commercial landing page","Mapped to new page","Authoritative client portal hub; /features/client-portal supports product-detail intent."
"/agency-operations","agency operations software","55","P1","Blog / guide / use-case page","Mapped to new page","Consolidated under the closest authoritative problem/solution owner."
"/project-management-for-agencies","project management software for agencies","36","P1","Feature / use-case landing page","Mapped to new page","Authoritative agency project-management hub."
"/agency-invoicing","agency invoicing software","34","P1","Feature / commercial landing page","Mapped to new page","Operational invoicing hub; avoids claiming full accounting functionality."
"/solutions/freelancers","freelancers software","25","P1","Freelancer solution page","Mapped to existing page","Existing differentiated industry solution page."
"/solutions/small-agencies","small agencies software","15","P1","Audience solution page","Mapped to future content","P2 industry page requires genuinely differentiated workflow copy."
"/pricing","agency management software pricing","15","P1","Pricing / commercial landing page","Mapped to existing page","Live plan source of truth; pricing must not be duplicated in generated copy."
"/compare/clickup","Sarion vs clickup","12","P1","Alternative / comparison page","Mapped to existing page","Existing factual comparison page; alternative terms consolidate here to avoid duplicate intent."
"/compare/hubspot","Sarion vs hubspot","10","P1","Alternative / comparison page","Mapped to existing page","Existing factual comparison page; alternative terms consolidate here to avoid duplicate intent."
"/compare","agency software comparisons","10","P1","Alternative page","Mapped to existing page","Comparison hub owns broad evaluation intent."
"/compare/asana","Sarion vs asana","9","P1","Alternative / comparison page","Mapped to existing page","Existing factual comparison page; alternative terms consolidate here to avoid duplicate intent."
"/compare/notion","Sarion vs notion","8","P1","Alternative / comparison page","Mapped to existing page","Existing factual comparison page; alternative terms consolidate here to avoid duplicate intent."
"/compare/monday","Sarion vs monday","7","P1","Alternative / comparison page","Mapped to existing page","Existing factual comparison page; alternative terms consolidate here to avoid duplicate intent."
"/compare/zoho-crm","Sarion vs zoho CRM","7","P1","Alternative / comparison page","Mapped to existing page","Existing factual comparison page; alternative terms consolidate here to avoid duplicate intent."
"/compare/teamwork","Sarion vs teamwork","4","P1","Alternative page","Mapped to future content","P2 comparison requires current, sourced competitor verification before publication."
"/compare/scoro","Sarion vs scoro","4","P1","Alternative page","Mapped to future content","P2 comparison requires current, sourced competitor verification before publication."
"/compare/suitedash","Sarion vs suitedash","4","P1","Alternative page","Mapped to future content","P2 comparison requires current, sourced competitor verification before publication."
"/compare/productive","Sarion vs productive","3","P1","Alternative page","Mapped to future content","P2 comparison requires current, sourced competitor verification before publication."
"/compare/accelo","Sarion vs accelo","3","P1","Alternative page","Mapped to future content","P2 comparison requires current, sourced competitor verification before publication."
"/compare/manyrequests","Sarion vs manyrequests","3","P1","Alternative page","Mapped to future content","P2 comparison requires current, sourced competitor verification before publication."
"/compare/plutio","Sarion vs plutio","3","P1","Alternative page","Mapped to future content","P2 comparison requires current, sourced competitor verification before publication."
"/compare/honeybook","Sarion vs honeybook","3","P1","Alternative page","Mapped to future content","P2 comparison requires current, sourced competitor verification before publication."
"/compare/dubsado","Sarion vs dubsado","2","P1","Alternative page","Mapped to future content","P2 comparison requires current, sourced competitor verification before publication."
"/compare/bonsai","Sarion vs bonsai","2","P1","Alternative page","Mapped to future content","P2 comparison requires current, sourced competitor verification before publication."
"/compare/clientjoy","Sarion vs clientjoy","2","P1","Alternative page","Mapped to future content","P2 comparison requires current, sourced competitor verification before publication."
"/blog/best-agency-software","best agency software","1","P1","Best-of comparison article","Mapped to future content","Balanced best-of article in P2 editorial backlog; evaluation criteria and disclosure required."
"/blog/best-agency-management-tools","best agency management tools","1","P1","Best-of comparison article","Mapped to future content","Balanced best-of article in P2 editorial backlog; evaluation criteria and disclosure required."
"/blog/best-software-for-agencies","best software for agencies","1","P1","Best-of comparison article","Mapped to future content","Balanced best-of article in P2 editorial backlog; evaluation criteria and disclosure required."
"/blog/best-agency-crm-software","best agency CRM software","1","P1","Best-of comparison article","Mapped to future content","Balanced best-of article in P2 editorial backlog; evaluation criteria and disclosure required."
"/blog/best-crm-for-marketing-agencies","best CRM for marketing agencies","1","P1","Best-of comparison article","Mapped to future content","Balanced best-of article in P2 editorial backlog; evaluation criteria and disclosure required."
"/blog/best-crm-for-digital-agencies","best CRM for digital agencies","1","P1","Best-of comparison article","Mapped to future content","Balanced best-of article in P2 editorial backlog; evaluation criteria and disclosure required."
"/blog/best-crm-for-creative-agencies","best CRM for creative agencies","1","P1","Best-of comparison article","Mapped to future content","Balanced best-of article in P2 editorial backlog; evaluation criteria and disclosure required."
"/blog/best-client-management-software-for-agencies","best client management software for agencies","1","P1","Best-of comparison article","Mapped to future content","Balanced best-of article in P2 editorial backlog; evaluation criteria and disclosure required."
"/blog/best-client-portal-software","best client portal software","1","P1","Best-of comparison article","Mapped to future content","Balanced best-of article in P2 editorial backlog; evaluation criteria and disclosure required."
"/blog/best-invoicing-software-for-agencies","best invoicing software for agencies","1","P1","Best-of comparison article","Mapped to future content","Balanced best-of article in P2 editorial backlog; evaluation criteria and disclosure required."
"/blog/best-marketing-agency-software","best marketing agency software","1","P1","Best-of comparison article","Mapped to future content","Balanced best-of article in P2 editorial backlog; evaluation criteria and disclosure required."
"/blog/best-digital-agency-software","best digital agency software","1","P1","Best-of comparison article","Mapped to future content","Balanced best-of article in P2 editorial backlog; evaluation criteria and disclosure required."
"/blog/best-creative-agency-software","best creative agency software","1","P1","Best-of comparison article","Mapped to future content","Balanced best-of article in P2 editorial backlog; evaluation criteria and disclosure required."
"/blog/best-software-for-small-agencies","best software for small agencies","1","P1","Best-of comparison article","Mapped to future content","Balanced best-of article in P2 editorial backlog; evaluation criteria and disclosure required."
"/blog/best-freelancer-management-software","best freelancer management software","1","P1","Best-of comparison article","Mapped to future content","Balanced best-of article in P2 editorial backlog; evaluation criteria and disclosure required."
"/blog/best-client-management-software-for-freelancers","best client management software for freelancers","1","P1","Best-of comparison article","Mapped to future content","Balanced best-of article in P2 editorial backlog; evaluation criteria and disclosure required."
"/blog/best-project-management-software-for-freelancers","best project management software for freelancers","1","P1","Best-of comparison article","Mapped to future content","Balanced best-of article in P2 editorial backlog; evaluation criteria and disclosure required."
"/solutions/marketing-agencies","marketing agencies software","22","P2","Industry solution page","Mapped to existing page","Existing differentiated industry solution page."
"/blog/client-communication-best-practices","client communication best practices","20","P2","Use-case / feature page","Mapped to existing page","Existing educational article; links to the client portal hub."
"/solutions/digital-agencies","digital agencies software","18","P2","Industry solution page","Mapped to future content","P2 industry page requires genuinely differentiated workflow copy."
"/solutions/consultants","consultants software","17","P2","Consultant solution page","Mapped to existing page","Existing differentiated industry solution page."
"/solutions/web-development-agencies","web development agencies software","15","P2","Industry solution page","Mapped to existing page","Existing differentiated industry solution page."
"/solutions/seo-agencies","seo agencies software","15","P2","Industry solution page","Mapped to existing page","Existing differentiated industry solution page."
"/use-cases/client-onboarding","agency client onboarding","15","P2","Use-case hub + guides","Mapped to future content","P2 differentiated use-case hub; checklist intent is already covered by the blog."
"/solutions/advertising-agencies","advertising agencies software","14","P2","Industry solution page","Mapped to future content","P2 industry page requires genuinely differentiated workflow copy."
"/solutions/creative-agencies","creative agencies software","13","P2","Industry solution page","Mapped to existing page","Existing differentiated industry solution page."
"/use-cases/retainer-management","retainer management software","13","P2","Use-case page + guides","Mapped to future content","P2 use-case page pending product-claim review."
"/solutions/social-media-agencies","social media agencies software","11","P2","Industry solution page","Mapped to future content","P2 industry page requires genuinely differentiated workflow copy."
"/solutions/design-agencies","design agencies software","10","P2","Industry solution page","Mapped to existing page","Existing differentiated industry solution page."
"/solutions/pr-agencies","pr agencies software","10","P2","Industry solution page","Mapped to future content","P2 industry page requires genuinely differentiated workflow copy."
"/solutions/content-agencies","content agencies software","10","P2","Industry solution page","Mapped to future content","P2 industry page requires genuinely differentiated workflow copy."
"/solutions/video-production-agencies","video production software","10","P2","Industry solution page","Mapped to future content","P2 industry page requires genuinely differentiated workflow copy."
"/solutions/branding-agencies","branding agencies software","9","P2","Industry solution page","Mapped to existing page","Existing differentiated industry solution page."
"/blog/reduce-client-status-update-emails","agency operations software","5","P2","Blog / guide / use-case page","Mapped to existing page","Consolidated under the closest authoritative problem/solution owner."
"/blog/signs-your-agency-has-outgrown-spreadsheets","migrate from spreadsheets to CRM","3","P2","Migration / alternative content","Mapped to existing page","Existing spreadsheet migration article supports the operations hub."
"/blog/how-to-onboard-a-new-client-checklist","agency client onboarding","2","P2","Use-case hub + guides","Mapped to existing page","Homepage owns the global agency-management category; no duplicate exact-match page."
"/blog/clickup-vs-asana-for-agencies","ClickUp vs Asana for agencies","1","P2","Comparison article","Mapped to future content","P3 editorial comparison; requires source refresh immediately before publication."
"/blog/clickup-vs-teamwork-for-agencies","ClickUp vs Teamwork for agencies","1","P2","Comparison article","Mapped to future content","P3 editorial comparison; requires source refresh immediately before publication."
"/blog/teamwork-vs-productive","Teamwork vs Productive","1","P2","Comparison article","Mapped to future content","P3 editorial comparison; requires source refresh immediately before publication."
"/blog/productive-vs-scoro","Productive vs Scoro","1","P2","Comparison article","Mapped to future content","P3 editorial comparison; requires source refresh immediately before publication."
"/blog/suitedash-vs-manyrequests","SuiteDash vs ManyRequests","1","P2","Comparison article","Mapped to future content","P3 editorial comparison; requires source refresh immediately before publication."
"/blog/honeybook-vs-dubsado","HoneyBook vs Dubsado","1","P2","Comparison article","Mapped to future content","P3 editorial comparison; requires source refresh immediately before publication."
"/blog/honeybook-vs-bonsai","HoneyBook vs Bonsai","1","P2","Comparison article","Mapped to future content","P3 editorial comparison; requires source refresh immediately before publication."
"/blog/hubspot-vs-zoho-for-agencies","HubSpot vs Zoho for agencies","1","P2","Comparison article","Mapped to future content","P3 editorial comparison; requires source refresh immediately before publication."
"/guides/when-to-switch-agency-management-software","when to switch agency management software","1","P2","Migration / alternative content","Mapped to future content","Migration guide requires a verified import workflow and competitor-specific fact check."
"/guides/agency-software-migration","agency software migration","1","P2","Migration / alternative content","Mapped to future content","Migration guide requires a verified import workflow and competitor-specific fact check."
"/guides/migrate-agency-crm","migrate agency CRM","1","P2","Migration / alternative content","Mapped to future content","Migration guide requires a verified import workflow and competitor-specific fact check."
"/guides/move-from-clickup-to-agency-software","move from ClickUp to agency software","1","P2","Migration / alternative content","Mapped to future content","Migration guide requires a verified import workflow and competitor-specific fact check."
"/guides/move-from-notion-to-crm","move from Notion to CRM","1","P2","Migration / alternative content","Mapped to future content","Migration guide requires a verified import workflow and competitor-specific fact check."
"/guides/migrate-from-hubspot","migrate from HubSpot","1","P2","Migration / alternative content","Mapped to future content","Migration guide requires a verified import workflow and competitor-specific fact check."
"/guides/hubspot-too-expensive-alternative","HubSpot too expensive alternative","1","P2","Migration / alternative content","Mapped to future content","Migration guide requires a verified import workflow and competitor-specific fact check."
"/guides/clickup-too-complicated-alternative","ClickUp too complicated alternative","1","P2","Migration / alternative content","Mapped to future content","Migration guide requires a verified import workflow and competitor-specific fact check."
"/guides/asana-alternative-for-client-work","Asana alternative for client work","1","P2","Migration / alternative content","Mapped to future content","Migration guide requires a verified import workflow and competitor-specific fact check."
"/guides/monday-alternative-for-agency","Monday alternative for agency","1","P2","Migration / alternative content","Mapped to future content","Migration guide requires a verified import workflow and competitor-specific fact check."
"/guides/agency-software-without-setup","agency software without setup","1","P2","Migration / alternative content","Mapped to future content","Migration guide requires a verified import workflow and competitor-specific fact check."
"/guides/easy-to-set-up-agency-crm","easy to set up agency CRM","1","P2","Migration / alternative content","Mapped to future content","Migration guide requires a verified import workflow and competitor-specific fact check."
"/guides/crm-for-agencies-without-sales-pipeline","CRM for agencies without sales pipeline","1","P2","Migration / alternative content","Mapped to future content","Migration guide requires a verified import workflow and competitor-specific fact check."
"/guides/crm-without-sales-pipeline","CRM without sales pipeline","1","P2","Migration / alternative content","Mapped to future content","Migration guide requires a verified import workflow and competitor-specific fact check."
"/guides/simple-crm-without-sales-features","simple CRM without sales features","1","P2","Migration / alternative content","Mapped to future content","Migration guide requires a verified import workflow and competitor-specific fact check."
"/guides/crm-focused-on-existing-clients","CRM focused on existing clients","1","P2","Migration / alternative content","Mapped to future content","Migration guide requires a verified import workflow and competitor-specific fact check."
"/guides/crm-for-post-sale-client-management","CRM for post sale client management","1","P2","Migration / alternative content","Mapped to future content","Migration guide requires a verified import workflow and competitor-specific fact check."
"/features/reporting","agency reporting software","16","P3","Feature / use-case page","Mapped to existing page","Existing feature page owns reporting/dashboard evaluation intent."
"/features/team-collaboration","agency team management","10","P3","Feature / use-case page","Mapped to existing page","Mapped to the closest factual product workflow."
"/client-management-software","agency account management","4","P3","Feature / use-case page","Mapped to new page","Mapped to the closest factual product workflow."
