Keyword,Cluster,Intent,Priority,Recommended Page Type
agency management software,Core / Agency Management,Commercial,P1,Commercial landing page
best agency management software,Core / Agency Management,Commercial,P1,Commercial landing page
agency management platform,Core / Agency Management,Commercial,P1,Commercial landing page
agency management system,Core / Agency Management,Commercial,P1,Commercial landing page
agency software,Core / Agency Management,Commercial,P1,Commercial landing page
software for agencies,Core / Agency Management,Commercial,P1,Commercial landing page
all in one agency software,Core / Agency Management,Commercial,P1,Commercial landing page
agency operations software,Core / Agency Management,Commercial,P1,Commercial landing page
agency workflow software,Core / Agency Management,Commercial,P1,Commercial landing page
agency management tool,Core / Agency Management,Commercial,P1,Commercial landing page
agency software platform,Core / Agency Management,Commercial,P1,Commercial landing page
agency business software,Core / Agency Management,Commercial,P1,Commercial landing page
agency operations platform,Core / Agency Management,Commercial,P1,Commercial landing page
agency operating system,Core / Agency Management,Commercial,P1,Commercial landing page
agency workflow management,Core / Agency Management,Commercial,P1,Commercial landing page
agency workflow platform,Core / Agency Management,Commercial,P1,Commercial landing page
agency productivity software,Core / Agency Management,Commercial,P1,Commercial landing page
agency administration software,Core / Agency Management,Commercial,P1,Commercial landing page
agency organization software,Core / Agency Management,Commercial,P1,Commercial landing page
agency office management software,Core / Agency Management,Commercial,P1,Commercial landing page
online agency management software,Core / Agency Management,Commercial,P1,Commercial landing page
cloud agency management software,Core / Agency Management,Commercial,P1,Commercial landing page
SaaS agency management software,Core / Agency Management,Commercial,P1,Commercial landing page
modern agency management software,Core / Agency Management,Commercial,P1,Commercial landing page
simple agency management software,Core / Agency Management,Commercial,P1,Commercial landing page
easy agency management software,Core / Agency Management,Commercial,P1,Commercial landing page
affordable agency management software,Core / Agency Management,Commercial,P1,Commercial landing page
low cost agency management software,Core / Agency Management,Commercial,P1,Commercial landing page
free agency management software,Core / Agency Management,Commercial,P1,Commercial landing page
agency management software free,Core / Agency Management,Commercial,P1,Commercial landing page
agency management software free trial,Core / Agency Management,Commercial,P1,Commercial landing page
agency management software for small business,Core / Agency Management,Commercial,P1,Commercial landing page
agency management software for startups,Core / Agency Management,Commercial,P1,Commercial landing page
agency management software for small agencies,Core / Agency Management,Commercial,P1,Commercial landing page
agency management software for growing agencies,Core / Agency Management,Commercial,P1,Commercial landing page
agency management software for teams,Core / Agency Management,Commercial,P1,Commercial landing page
agency management software for freelancers,Core / Agency Management,Commercial,P1,Commercial landing page
agency management software with CRM,Core / Agency Management,Commercial,P1,Commercial landing page
agency management software with invoicing,Core / Agency Management,Commercial,P1,Commercial landing page
agency management software with client portal,Core / Agency Management,Commercial,P1,Commercial landing page
agency management software with project management,Core / Agency Management,Commercial,P1,Commercial landing page
agency management software with billing,Core / Agency Management,Commercial,P1,Commercial landing page
agency management software with task management,Core / Agency Management,Commercial,P1,Commercial landing page
agency management software with reporting,Core / Agency Management,Commercial,P1,Commercial landing page
agency management software with team management,Core / Agency Management,Commercial,P1,Commercial landing page
agency management software with CRM and invoicing,Core / Agency Management,Commercial,P1,Commercial landing page
best all in one agency software,Core / Agency Management,Commercial,P1,Commercial landing page
complete agency management software,Core / Agency Management,Commercial,P1,Commercial landing page
integrated agency management software,Core / Agency Management,Commercial,P1,Commercial landing page
client agency management software,Core / Agency Management,Commercial,P1,Commercial landing page
professional services agency software,Core / Agency Management,Commercial,P1,Commercial landing page
client service management software,Core / Agency Management,Commercial,P1,Commercial landing page
client service agency software,Core / Agency Management,Commercial,P1,Commercial landing page
client delivery software,Core / Agency Management,Commercial,P1,Commercial landing page
client delivery platform,Core / Agency Management,Commercial,P1,Commercial landing page
client delivery management software,Core / Agency Management,Commercial,P1,Commercial landing page
agency delivery software,Core / Agency Management,Commercial,P1,Commercial landing page
agency delivery platform,Core / Agency Management,Commercial,P1,Commercial landing page
agency CRM,Agency CRM,Commercial,P1,CRM hub / landing page
agency CRM software,Agency CRM,Commercial,P1,CRM hub / landing page
CRM for agencies,Agency CRM,Commercial,P1,CRM hub / landing page
CRM software for agencies,Agency CRM,Commercial,P1,CRM hub / landing page
best agency CRM,Agency CRM,Commercial,P1,CRM hub / landing page
best CRM for agencies,Agency CRM,Commercial,P1,CRM hub / landing page
best CRM software for agencies,Agency CRM,Commercial,P1,CRM hub / landing page
free agency CRM,Agency CRM,Commercial,P1,CRM hub / landing page
free CRM for agencies,Agency CRM,Commercial,P1,CRM hub / landing page
affordable agency CRM,Agency CRM,Commercial,P1,CRM hub / landing page
simple CRM for agencies,Agency CRM,Commercial,P1,CRM hub / landing page
easy CRM for agencies,Agency CRM,Commercial,P1,CRM hub / landing page
lightweight agency CRM,Agency CRM,Commercial,P1,CRM hub / landing page
modern agency CRM,Agency CRM,Commercial,P1,CRM hub / landing page
small agency CRM,Agency CRM,Commercial,P1,CRM hub / landing page
CRM for small agencies,Agency CRM,Commercial,P1,CRM hub / landing page
CRM for growing agencies,Agency CRM,Commercial,P1,CRM hub / landing page
CRM for creative agencies,Agency CRM,Commercial,P1,CRM hub / landing page
CRM for digital agencies,Agency CRM,Commercial,P1,CRM hub / landing page
CRM for marketing agencies,Agency CRM,Commercial,P1,CRM hub / landing page
CRM for advertising agencies,Agency CRM,Commercial,P1,CRM hub / landing page
CRM for branding agencies,Agency CRM,Commercial,P1,CRM hub / landing page
CRM for design agencies,Agency CRM,Commercial,P1,CRM hub / landing page
CRM for web agencies,Agency CRM,Commercial,P1,CRM hub / landing page
CRM for web development agencies,Agency CRM,Commercial,P1,CRM hub / landing page
CRM for SEO agencies,Agency CRM,Commercial,P1,CRM hub / landing page
CRM for social media agencies,Agency CRM,Commercial,P1,CRM hub / landing page
CRM for PR agencies,Agency CRM,Commercial,P1,CRM hub / landing page
CRM for content agencies,Agency CRM,Commercial,P1,CRM hub / landing page
CRM for consulting agencies,Agency CRM,Commercial,P1,CRM hub / landing page
CRM for consultants,Agency CRM,Commercial,P1,CRM hub / landing page
CRM for freelancers,Agency CRM,Commercial,P1,CRM hub / landing page
CRM for service businesses,Agency CRM,Commercial,P1,CRM hub / landing page
service business CRM,Agency CRM,Commercial,P1,CRM hub / landing page
client CRM software,Agency CRM,Commercial,P1,CRM hub / landing page
client management CRM,Agency CRM,Commercial,P1,CRM hub / landing page
agency client CRM,Agency CRM,Commercial,P1,CRM hub / landing page
CRM with client portal,Agency CRM,Commercial,P1,CRM hub / landing page
CRM with project management,Agency CRM,Commercial,P1,CRM hub / landing page
CRM with project management and invoicing,Agency CRM,Commercial,P1,CRM hub / landing page
CRM with invoicing,Agency CRM,Commercial,P1,CRM hub / landing page
CRM with billing,Agency CRM,Commercial,P1,CRM hub / landing page
CRM for managing clients,Agency CRM,Commercial,P1,CRM hub / landing page
client relationship management software for agencies,Agency CRM,Commercial,P1,CRM hub / landing page
agency relationship management software,Agency CRM,Commercial,P1,CRM hub / landing page
post sales CRM,Agency CRM,Commercial,P1,CRM hub / landing page
client delivery CRM,Agency CRM,Commercial,P1,CRM hub / landing page
CRM for client delivery,Agency CRM,Commercial,P1,CRM hub / landing page
CRM after sales pipeline,Agency CRM,Commercial,P1,CRM hub / landing page
CRM for client projects,Agency CRM,Commercial,P1,CRM hub / landing page
CRM for recurring clients,Agency CRM,Commercial,P1,CRM hub / landing page
CRM for retainer clients,Agency CRM,Commercial,P1,CRM hub / landing page
client portal,Client Portal,Commercial,P1,Feature / commercial landing page
client portal software,Client Portal,Commercial,P1,Feature / commercial landing page
client portal platform,Client Portal,Commercial,P1,Feature / commercial landing page
client portal app,Client Portal,Commercial,P1,Feature / commercial landing page
online client portal,Client Portal,Commercial,P1,Feature / commercial landing page
client management portal,Client Portal,Commercial,P1,Feature / commercial landing page
customer portal software,Client Portal,Commercial,P1,Feature / commercial landing page
client dashboard software,Client Portal,Commercial,P1,Feature / commercial landing page
customer dashboard software,Client Portal,Commercial,P1,Feature / commercial landing page
client workspace,Client Portal,Commercial,P1,Feature / commercial landing page
client workspace software,Client Portal,Commercial,P1,Feature / commercial landing page
client portal for agencies,Client Portal,Commercial,P1,Feature / commercial landing page
client portal software for agencies,Client Portal,Commercial,P1,Feature / commercial landing page
agency client portal,Client Portal,Commercial,P1,Feature / commercial landing page
agency client portal software,Client Portal,Commercial,P1,Feature / commercial landing page
best client portal for agencies,Client Portal,Commercial,P1,Feature / commercial landing page
client portal for marketing agencies,Client Portal,Commercial,P1,Feature / commercial landing page
client portal for digital agencies,Client Portal,Commercial,P1,Feature / commercial landing page
client portal for creative agencies,Client Portal,Commercial,P1,Feature / commercial landing page
client portal for design agencies,Client Portal,Commercial,P1,Feature / commercial landing page
client portal for web agencies,Client Portal,Commercial,P1,Feature / commercial landing page
client portal for SEO agencies,Client Portal,Commercial,P1,Feature / commercial landing page
client portal for branding agencies,Client Portal,Commercial,P1,Feature / commercial landing page
client portal for advertising agencies,Client Portal,Commercial,P1,Feature / commercial landing page
client portal for consultants,Client Portal,Commercial,P1,Feature / commercial landing page
client portal for freelancers,Client Portal,Commercial,P1,Feature / commercial landing page
freelancer client portal software,Client Portal,Commercial,P1,Feature / commercial landing page
branded client portal,Client Portal,Commercial,P1,Feature / commercial landing page
branded client portal software,Client Portal,Commercial,P1,Feature / commercial landing page
custom branded client portal,Client Portal,Commercial,P1,Feature / commercial landing page
customizable client portal,Client Portal,Commercial,P1,Feature / commercial landing page
white label client portal,Client Portal,Commercial,P1,Feature / commercial landing page
white label client portal software,Client Portal,Commercial,P1,Feature / commercial landing page
agency branded portal,Client Portal,Commercial,P1,Feature / commercial landing page
client portal with custom branding,Client Portal,Commercial,P1,Feature / commercial landing page
client portal with custom domain,Client Portal,Commercial,P1,Feature / commercial landing page
client portal with custom subdomain,Client Portal,Commercial,P1,Feature / commercial landing page
project management with client portal,Client Portal,Commercial,P1,Feature / commercial landing page
project management software with client portal,Client Portal,Commercial,P1,Feature / commercial landing page
invoicing software with client portal,Client Portal,Commercial,P1,Feature / commercial landing page
CRM invoicing client portal software,Client Portal,Commercial,P1,Feature / commercial landing page
client portal with invoicing,Client Portal,Commercial,P1,Feature / commercial landing page
client portal with project management,Client Portal,Commercial,P1,Feature / commercial landing page
client portal with file sharing,Client Portal,Commercial,P1,Feature / commercial landing page
client portal with comments,Client Portal,Commercial,P1,Feature / commercial landing page
client portal for project updates,Client Portal,Commercial,P1,Feature / commercial landing page
client portal for project status,Client Portal,Commercial,P1,Feature / commercial landing page
client portal for invoices,Client Portal,Commercial,P1,Feature / commercial landing page
secure client portal software,Client Portal,Commercial,P1,Feature / commercial landing page
no login client portal,Client Portal,Commercial,P1,Feature / commercial landing page
passwordless client portal,Client Portal,Commercial,P1,Feature / commercial landing page
agency project management,Project Management,Commercial,P1,Feature / use-case landing page
agency project management software,Project Management,Commercial,P1,Feature / use-case landing page
project management software for agencies,Project Management,Commercial,P1,Feature / use-case landing page
best project management software for agencies,Project Management,Commercial,P1,Feature / use-case landing page
project management for marketing agencies,Project Management,Commercial,P1,Feature / use-case landing page
project management for digital agencies,Project Management,Commercial,P1,Feature / use-case landing page
project management for creative agencies,Project Management,Commercial,P1,Feature / use-case landing page
project management for design agencies,Project Management,Commercial,P1,Feature / use-case landing page
project management for advertising agencies,Project Management,Commercial,P1,Feature / use-case landing page
project management for web agencies,Project Management,Commercial,P1,Feature / use-case landing page
project management for SEO agencies,Project Management,Commercial,P1,Feature / use-case landing page
project management for freelancers,Project Management,Commercial,P1,Feature / use-case landing page
project management for consultants,Project Management,Commercial,P1,Feature / use-case landing page
client project management software,Project Management,Commercial,P1,Feature / use-case landing page
client project tracking software,Project Management,Commercial,P1,Feature / use-case landing page
agency project tracking software,Project Management,Commercial,P1,Feature / use-case landing page
project tracking for agencies,Project Management,Commercial,P1,Feature / use-case landing page
client project tracking,Project Management,Commercial,P1,Feature / use-case landing page
project status tracking software,Project Management,Commercial,P1,Feature / use-case landing page
project dashboard for clients,Project Management,Commercial,P1,Feature / use-case landing page
client project dashboard,Project Management,Commercial,P1,Feature / use-case landing page
agency task management software,Project Management,Commercial,P1,Feature / use-case landing page
task management for agencies,Project Management,Commercial,P1,Feature / use-case landing page
client task management software,Project Management,Commercial,P1,Feature / use-case landing page
agency workflow project management,Project Management,Commercial,P1,Feature / use-case landing page
project management CRM for agencies,Project Management,Commercial,P1,Feature / use-case landing page
CRM project management software,Project Management,Commercial,P1,Feature / use-case landing page
CRM project management invoicing software,Project Management,Commercial,P1,Feature / use-case landing page
client project management portal,Project Management,Commercial,P1,Feature / use-case landing page
project management client portal,Project Management,Commercial,P1,Feature / use-case landing page
project management invoicing client portal,Project Management,Commercial,P1,Feature / use-case landing page
agency invoicing software,Invoicing & Billing,Commercial,P1,Feature / commercial landing page
invoicing software for agencies,Invoicing & Billing,Commercial,P1,Feature / commercial landing page
invoice software for agencies,Invoicing & Billing,Commercial,P1,Feature / commercial landing page
agency invoice software,Invoicing & Billing,Commercial,P1,Feature / commercial landing page
agency billing software,Invoicing & Billing,Commercial,P1,Feature / commercial landing page
billing software for agencies,Invoicing & Billing,Commercial,P1,Feature / commercial landing page
client billing software,Invoicing & Billing,Commercial,P1,Feature / commercial landing page
client invoicing software,Invoicing & Billing,Commercial,P1,Feature / commercial landing page
invoice management software,Invoicing & Billing,Commercial,P1,Feature / commercial landing page
invoice tracking software,Invoicing & Billing,Commercial,P1,Feature / commercial landing page
payment tracking software,Invoicing & Billing,Commercial,P1,Feature / commercial landing page
agency payment tracking,Invoicing & Billing,Commercial,P1,Feature / commercial landing page
invoice status tracking,Invoicing & Billing,Commercial,P1,Feature / commercial landing page
overdue invoice tracking,Invoicing & Billing,Commercial,P1,Feature / commercial landing page
agency accounts receivable software,Invoicing & Billing,Commercial,P1,Feature / commercial landing page
agency billing management,Invoicing & Billing,Commercial,P1,Feature / commercial landing page
marketing agency invoicing software,Invoicing & Billing,Commercial,P1,Feature / commercial landing page
digital agency invoicing software,Invoicing & Billing,Commercial,P1,Feature / commercial landing page
creative agency invoicing software,Invoicing & Billing,Commercial,P1,Feature / commercial landing page
design agency invoicing software,Invoicing & Billing,Commercial,P1,Feature / commercial landing page
consultant invoicing software,Invoicing & Billing,Commercial,P1,Feature / commercial landing page
freelancer invoicing software,Invoicing & Billing,Commercial,P1,Feature / commercial landing page
CRM and invoice software,Invoicing & Billing,Commercial,P1,Feature / commercial landing page
project management and invoicing software,Invoicing & Billing,Commercial,P1,Feature / commercial landing page
client portal invoicing software,Invoicing & Billing,Commercial,P1,Feature / commercial landing page
invoicing and client management software,Invoicing & Billing,Commercial,P1,Feature / commercial landing page
invoicing CRM for agencies,Invoicing & Billing,Commercial,P1,Feature / commercial landing page
multi currency invoicing software,Invoicing & Billing,Commercial,P1,Feature / commercial landing page
international invoice software for agencies,Invoicing & Billing,Commercial,P1,Feature / commercial landing page
marketing agency software,Marketing Agencies,Commercial,P2,Industry solution page
marketing agency management software,Marketing Agencies,Commercial,P2,Industry solution page
digital marketing agency software,Marketing Agencies,Commercial,P2,Industry solution page
marketing agency CRM,Marketing Agencies,Commercial,P2,Industry solution page
best CRM for marketing agency,Marketing Agencies,Commercial,P2,Industry solution page
marketing agency project management,Marketing Agencies,Commercial,P2,Industry solution page
marketing agency project management software,Marketing Agencies,Commercial,P2,Industry solution page
marketing agency workflow software,Marketing Agencies,Commercial,P2,Industry solution page
marketing agency operations software,Marketing Agencies,Commercial,P2,Industry solution page
marketing agency client management,Marketing Agencies,Commercial,P2,Industry solution page
client management software for marketing agencies,Marketing Agencies,Commercial,P2,Industry solution page
marketing agency client portal,Marketing Agencies,Commercial,P2,Industry solution page
marketing agency billing software,Marketing Agencies,Commercial,P2,Industry solution page
marketing agency task management,Marketing Agencies,Commercial,P2,Industry solution page
marketing agency account management software,Marketing Agencies,Commercial,P2,Industry solution page
marketing client management software,Marketing Agencies,Commercial,P2,Industry solution page
marketing agency productivity software,Marketing Agencies,Commercial,P2,Industry solution page
marketing agency dashboard,Marketing Agencies,Commercial,P2,Industry solution page
marketing agency business management software,Marketing Agencies,Commercial,P2,Industry solution page
all in one marketing agency software,Marketing Agencies,Commercial,P2,Industry solution page
software to manage marketing agency,Marketing Agencies,Commercial,P2,Industry solution page
software for running a marketing agency,Marketing Agencies,Commercial,P2,Industry solution page
digital agency software,Digital Agencies,Commercial,P2,Industry solution page
digital agency management software,Digital Agencies,Commercial,P2,Industry solution page
digital agency management system,Digital Agencies,Commercial,P2,Industry solution page
digital agency platform,Digital Agencies,Commercial,P2,Industry solution page
digital agency CRM,Digital Agencies,Commercial,P2,Industry solution page
digital agency project management,Digital Agencies,Commercial,P2,Industry solution page
project management software for digital agencies,Digital Agencies,Commercial,P2,Industry solution page
digital agency client portal,Digital Agencies,Commercial,P2,Industry solution page
digital agency workflow software,Digital Agencies,Commercial,P2,Industry solution page
digital agency operations software,Digital Agencies,Commercial,P2,Industry solution page
digital agency client management software,Digital Agencies,Commercial,P2,Industry solution page
digital agency productivity software,Digital Agencies,Commercial,P2,Industry solution page
digital agency task management,Digital Agencies,Commercial,P2,Industry solution page
digital agency billing software,Digital Agencies,Commercial,P2,Industry solution page
software for digital agencies,Digital Agencies,Commercial,P2,Industry solution page
best software for digital agencies,Digital Agencies,Commercial,P2,Industry solution page
all in one digital agency software,Digital Agencies,Commercial,P2,Industry solution page
run digital agency software,Digital Agencies,Commercial,P2,Industry solution page
creative agency software,Creative Agencies,Commercial,P2,Industry solution page
creative agency management software,Creative Agencies,Commercial,P2,Industry solution page
creative agency management system,Creative Agencies,Commercial,P2,Industry solution page
creative agency CRM,Creative Agencies,Commercial,P2,Industry solution page
creative agency project management,Creative Agencies,Commercial,P2,Industry solution page
creative agency client portal,Creative Agencies,Commercial,P2,Industry solution page
creative agency workflow software,Creative Agencies,Commercial,P2,Industry solution page
creative agency operations software,Creative Agencies,Commercial,P2,Industry solution page
creative agency billing software,Creative Agencies,Commercial,P2,Industry solution page
creative agency task management,Creative Agencies,Commercial,P2,Industry solution page
creative project management software,Creative Agencies,Commercial,P2,Industry solution page
creative client management software,Creative Agencies,Commercial,P2,Industry solution page
best software for creative agencies,Creative Agencies,Commercial,P2,Industry solution page
design agency software,Design Agencies,Commercial,P2,Industry solution page
design agency management software,Design Agencies,Commercial,P2,Industry solution page
design agency CRM,Design Agencies,Commercial,P2,Industry solution page
design agency project management software,Design Agencies,Commercial,P2,Industry solution page
design agency client portal,Design Agencies,Commercial,P2,Industry solution page
design agency workflow software,Design Agencies,Commercial,P2,Industry solution page
graphic design agency software,Design Agencies,Commercial,P2,Industry solution page
graphic design project management software,Design Agencies,Commercial,P2,Industry solution page
graphic design client portal,Design Agencies,Commercial,P2,Industry solution page
design client management software,Design Agencies,Commercial,P2,Industry solution page
web agency software,Web Development Agencies,Commercial,P2,Industry solution page
web agency management software,Web Development Agencies,Commercial,P2,Industry solution page
web design agency software,Web Development Agencies,Commercial,P2,Industry solution page
web development agency software,Web Development Agencies,Commercial,P2,Industry solution page
web agency CRM,Web Development Agencies,Commercial,P2,Industry solution page
web agency project management software,Web Development Agencies,Commercial,P2,Industry solution page
web development project management software,Web Development Agencies,Commercial,P2,Industry solution page
web agency client portal,Web Development Agencies,Commercial,P2,Industry solution page
web development client portal,Web Development Agencies,Commercial,P2,Industry solution page
web agency invoicing software,Web Development Agencies,Commercial,P2,Industry solution page
web agency billing software,Web Development Agencies,Commercial,P2,Industry solution page
web agency workflow software,Web Development Agencies,Commercial,P2,Industry solution page
website project management software,Web Development Agencies,Commercial,P2,Industry solution page
website client management software,Web Development Agencies,Commercial,P2,Industry solution page
website agency management system,Web Development Agencies,Commercial,P2,Industry solution page
SEO agency software,SEO Agencies,Commercial,P2,Industry solution page
SEO agency management software,SEO Agencies,Commercial,P2,Industry solution page
SEO agency CRM,SEO Agencies,Commercial,P2,Industry solution page
SEO client management software,SEO Agencies,Commercial,P2,Industry solution page
SEO project management software,SEO Agencies,Commercial,P2,Industry solution page
SEO agency project management,SEO Agencies,Commercial,P2,Industry solution page
SEO agency client portal,SEO Agencies,Commercial,P2,Industry solution page
SEO client portal software,SEO Agencies,Commercial,P2,Industry solution page
SEO agency workflow software,SEO Agencies,Commercial,P2,Industry solution page
SEO agency invoicing software,SEO Agencies,Commercial,P2,Industry solution page
SEO agency operations software,SEO Agencies,Commercial,P2,Industry solution page
SEO client dashboard,SEO Agencies,Commercial,P2,Industry solution page
SEO client project management,SEO Agencies,Commercial,P2,Industry solution page
software for SEO agencies,SEO Agencies,Commercial,P2,Industry solution page
best software for SEO agency,SEO Agencies,Commercial,P2,Industry solution page
branding agency software,Branding Agencies,Commercial,P2,Industry solution page
branding agency management software,Branding Agencies,Commercial,P2,Industry solution page
branding agency CRM,Branding Agencies,Commercial,P2,Industry solution page
branding agency project management,Branding Agencies,Commercial,P2,Industry solution page
branding agency client portal,Branding Agencies,Commercial,P2,Industry solution page
branding client management software,Branding Agencies,Commercial,P2,Industry solution page
branding project management software,Branding Agencies,Commercial,P2,Industry solution page
brand agency workflow software,Branding Agencies,Commercial,P2,Industry solution page
branding agency invoicing software,Branding Agencies,Commercial,P2,Industry solution page
advertising agency software,Advertising Agencies,Commercial,P2,Industry solution page
advertising agency management software,Advertising Agencies,Commercial,P2,Industry solution page
ad agency management software,Advertising Agencies,Commercial,P2,Industry solution page
advertising agency CRM,Advertising Agencies,Commercial,P2,Industry solution page
ad agency CRM,Advertising Agencies,Commercial,P2,Industry solution page
advertising agency project management software,Advertising Agencies,Commercial,P2,Industry solution page
ad agency project management,Advertising Agencies,Commercial,P2,Industry solution page
advertising agency client portal,Advertising Agencies,Commercial,P2,Industry solution page
advertising agency workflow software,Advertising Agencies,Commercial,P2,Industry solution page
advertising agency billing software,Advertising Agencies,Commercial,P2,Industry solution page
advertising agency invoicing software,Advertising Agencies,Commercial,P2,Industry solution page
advertising agency operations software,Advertising Agencies,Commercial,P2,Industry solution page
advertising account management software,Advertising Agencies,Commercial,P2,Industry solution page
software for advertising agencies,Advertising Agencies,Commercial,P2,Industry solution page
social media agency software,Social Media Agencies,Commercial,P2,Industry solution page
social media agency management software,Social Media Agencies,Commercial,P2,Industry solution page
social media agency CRM,Social Media Agencies,Commercial,P2,Industry solution page
social media client management software,Social Media Agencies,Commercial,P2,Industry solution page
social media agency project management,Social Media Agencies,Commercial,P2,Industry solution page
social media agency client portal,Social Media Agencies,Commercial,P2,Industry solution page
social media client portal,Social Media Agencies,Commercial,P2,Industry solution page
social media agency workflow software,Social Media Agencies,Commercial,P2,Industry solution page
social media agency invoicing software,Social Media Agencies,Commercial,P2,Industry solution page
social media agency operations software,Social Media Agencies,Commercial,P2,Industry solution page
software for social media agencies,Social Media Agencies,Commercial,P2,Industry solution page
PR agency software,PR Agencies,Commercial,P2,Industry solution page
PR agency management software,PR Agencies,Commercial,P2,Industry solution page
PR agency CRM,PR Agencies,Commercial,P2,Industry solution page
public relations agency software,PR Agencies,Commercial,P2,Industry solution page
public relations CRM,PR Agencies,Commercial,P2,Industry solution page
PR client management software,PR Agencies,Commercial,P2,Industry solution page
PR agency project management,PR Agencies,Commercial,P2,Industry solution page
PR agency client portal,PR Agencies,Commercial,P2,Industry solution page
PR workflow software,PR Agencies,Commercial,P2,Industry solution page
PR agency billing software,PR Agencies,Commercial,P2,Industry solution page
content agency software,Content Agencies,Commercial,P2,Industry solution page
content marketing agency software,Content Agencies,Commercial,P2,Industry solution page
content agency CRM,Content Agencies,Commercial,P2,Industry solution page
content agency management software,Content Agencies,Commercial,P2,Industry solution page
content agency project management,Content Agencies,Commercial,P2,Industry solution page
content agency client portal,Content Agencies,Commercial,P2,Industry solution page
content agency workflow software,Content Agencies,Commercial,P2,Industry solution page
content client management software,Content Agencies,Commercial,P2,Industry solution page
content production agency software,Content Agencies,Commercial,P2,Industry solution page
content marketing client management software,Content Agencies,Commercial,P2,Industry solution page
video production management software,Video Production,Commercial,P2,Industry solution page
video agency management software,Video Production,Commercial,P2,Industry solution page
video production CRM,Video Production,Commercial,P2,Industry solution page
CRM for video production companies,Video Production,Commercial,P2,Industry solution page
video project management software,Video Production,Commercial,P2,Industry solution page
video production client portal,Video Production,Commercial,P2,Industry solution page
video production workflow software,Video Production,Commercial,P2,Industry solution page
video production invoicing software,Video Production,Commercial,P2,Industry solution page
creative production management software,Video Production,Commercial,P2,Industry solution page
production agency software,Video Production,Commercial,P2,Industry solution page
freelancer management software,Freelancers,Commercial,P2,Freelancer solution page
freelance management software,Freelancers,Commercial,P2,Freelancer solution page
freelancer CRM,Freelancers,Commercial,P2,Freelancer solution page
best CRM for freelancers,Freelancers,Commercial,P1,Freelancer solution page
free CRM for freelancers,Freelancers,Commercial,P2,Freelancer solution page
client management software for freelancers,Freelancers,Commercial,P2,Freelancer solution page
freelance client management software,Freelancers,Commercial,P2,Freelancer solution page
freelancer client portal,Freelancers,Commercial,P2,Freelancer solution page
freelancer project management software,Freelancers,Commercial,P2,Freelancer solution page
freelance project management tool,Freelancers,Commercial,P2,Freelancer solution page
freelance business management software,Freelancers,Commercial,P2,Freelancer solution page
all in one freelancer software,Freelancers,Commercial,P1,Freelancer solution page
freelancer workflow software,Freelancers,Commercial,P2,Freelancer solution page
freelancer client tracking,Freelancers,Commercial,P2,Freelancer solution page
manage freelance clients,Freelancers,Commercial,P2,Freelancer solution page
software to manage freelance clients,Freelancers,Commercial,P2,Freelancer solution page
freelancer business software,Freelancers,Commercial,P2,Freelancer solution page
freelancer dashboard,Freelancers,Commercial,P2,Freelancer solution page
freelancer CRM and invoicing,Freelancers,Commercial,P2,Freelancer solution page
freelancer CRM project management,Freelancers,Commercial,P2,Freelancer solution page
freelancer project management and invoicing,Freelancers,Commercial,P2,Freelancer solution page
freelance client portal invoicing,Freelancers,Commercial,P2,Freelancer solution page
software for freelancers to manage clients,Freelancers,Commercial,P2,Freelancer solution page
best software for freelancers,Freelancers,Commercial,P2,Freelancer solution page
client management app for freelancers,Freelancers,Commercial,P2,Freelancer solution page
consultant management software,Consultants,Commercial,P2,Consultant solution page
consulting management software,Consultants,Commercial,P2,Consultant solution page
consulting business software,Consultants,Commercial,P2,Consultant solution page
consulting firm management software,Consultants,Commercial,P2,Consultant solution page
consultant CRM,Consultants,Commercial,P2,Consultant solution page
consulting CRM software,Consultants,Commercial,P2,Consultant solution page
consultant client management software,Consultants,Commercial,P2,Consultant solution page
client management software for consultants,Consultants,Commercial,P2,Consultant solution page
consultant project management software,Consultants,Commercial,P2,Consultant solution page
consulting project management software,Consultants,Commercial,P2,Consultant solution page
consultant client portal,Consultants,Commercial,P2,Consultant solution page
consulting client portal software,Consultants,Commercial,P2,Consultant solution page
consulting billing software,Consultants,Commercial,P2,Consultant solution page
consultant workflow software,Consultants,Commercial,P2,Consultant solution page
consulting operations software,Consultants,Commercial,P2,Consultant solution page
software for consultants,Consultants,Commercial,P2,Consultant solution page
consulting agency software,Consultants,Commercial,P2,Consultant solution page
software for small agencies,Small Agencies & Startups,Commercial,P2,Audience solution page
small agency software,Small Agencies & Startups,Commercial,P2,Audience solution page
small agency management software,Small Agencies & Startups,Commercial,P2,Audience solution page
small business agency software,Small Agencies & Startups,Commercial,P2,Audience solution page
agency software for startups,Small Agencies & Startups,Commercial,P2,Audience solution page
startup agency management software,Small Agencies & Startups,Commercial,P2,Audience solution page
agency management software for 5 person team,Small Agencies & Startups,Commercial,P2,Audience solution page
agency management software for 10 person team,Small Agencies & Startups,Commercial,P2,Audience solution page
agency software for small teams,Small Agencies & Startups,Commercial,P2,Audience solution page
cheap agency management software,Small Agencies & Startups,Commercial,P2,Audience solution page
lightweight agency management software,Small Agencies & Startups,Commercial,P2,Audience solution page
agency software without complexity,Small Agencies & Startups,Commercial,P2,Audience solution page
agency management software without per user pricing,Small Agencies & Startups,Commercial,P2,Audience solution page
agency software free plan,Small Agencies & Startups,Commercial,P2,Audience solution page
agency software free trial,Small Agencies & Startups,Commercial,P1,Audience solution page
how to manage agency clients,Problem Aware,Informational / Commercial Investigation,P2,Blog / guide / use-case page
how to manage multiple clients,Problem Aware,Informational / Commercial Investigation,P2,Blog / guide / use-case page
how agencies manage clients,Problem Aware,Informational / Commercial Investigation,P2,Blog / guide / use-case page
how to organize agency clients,Problem Aware,Informational / Commercial Investigation,P2,Blog / guide / use-case page
how to keep track of clients,Problem Aware,Informational / Commercial Investigation,P2,Blog / guide / use-case page
how to track client projects,Problem Aware,Informational / Commercial Investigation,P2,Blog / guide / use-case page
how to manage client projects,Problem Aware,Informational / Commercial Investigation,P2,Blog / guide / use-case page
best way to manage agency projects,Problem Aware,Informational / Commercial Investigation,P2,Blog / guide / use-case page
how to organize client information,Problem Aware,Informational / Commercial Investigation,P2,Blog / guide / use-case page
how to manage client communication,Problem Aware,Informational / Commercial Investigation,P2,Blog / guide / use-case page
how to improve client communication,Problem Aware,Informational / Commercial Investigation,P2,Blog / guide / use-case page
how to reduce client emails,Problem Aware,Informational / Commercial Investigation,P2,Blog / guide / use-case page
how to reduce status update emails,Problem Aware,Informational / Commercial Investigation,P2,Blog / guide / use-case page
automate client status updates,Problem Aware,Informational / Commercial Investigation,P2,Blog / guide / use-case page
automate agency admin,Problem Aware,Informational / Commercial Investigation,P2,Blog / guide / use-case page
automate agency workflow,Problem Aware,Informational / Commercial Investigation,P2,Blog / guide / use-case page
how to streamline agency operations,Problem Aware,Informational / Commercial Investigation,P2,Blog / guide / use-case page
how to run an agency efficiently,Problem Aware,Informational / Commercial Investigation,P2,Blog / guide / use-case page
how to manage a digital agency,Problem Aware,Informational / Commercial Investigation,P2,Blog / guide / use-case page
how to manage a marketing agency,Problem Aware,Informational / Commercial Investigation,P2,Blog / guide / use-case page
how to scale agency operations,Problem Aware,Informational / Commercial Investigation,P2,Blog / guide / use-case page
how to organize an agency,Problem Aware,Informational / Commercial Investigation,P2,Blog / guide / use-case page
agency workflow examples,Problem Aware,Informational / Commercial Investigation,P2,Blog / guide / use-case page
agency workflow template,Problem Aware,Informational / Commercial Investigation,P2,Blog / guide / use-case page
agency process management,Problem Aware,Informational / Commercial Investigation,P2,Blog / guide / use-case page
agency client onboarding process,Problem Aware,Informational / Commercial Investigation,P2,Blog / guide / use-case page
client onboarding for agencies,Problem Aware,Informational / Commercial Investigation,P2,Blog / guide / use-case page
agency client onboarding checklist,Problem Aware,Informational / Commercial Investigation,P2,Blog / guide / use-case page
marketing agency onboarding checklist,Problem Aware,Informational / Commercial Investigation,P2,Blog / guide / use-case page
client onboarding software for agencies,Problem Aware,Informational / Commercial Investigation,P2,Blog / guide / use-case page
automate client onboarding,Problem Aware,Informational / Commercial Investigation,P2,Blog / guide / use-case page
agency project workflow,Problem Aware,Informational / Commercial Investigation,P2,Blog / guide / use-case page
agency invoicing process,Problem Aware,Informational / Commercial Investigation,P2,Blog / guide / use-case page
agency billing process,Problem Aware,Informational / Commercial Investigation,P2,Blog / guide / use-case page
how to track unpaid invoices,Problem Aware,Informational / Commercial Investigation,P2,Blog / guide / use-case page
reduce overdue invoices,Problem Aware,Informational / Commercial Investigation,P2,Blog / guide / use-case page
invoice tracking for agencies,Problem Aware,Informational / Commercial Investigation,P2,Blog / guide / use-case page
managing agency retainers,Problem Aware,Informational / Commercial Investigation,P2,Blog / guide / use-case page
manage retainer clients,Problem Aware,Informational / Commercial Investigation,P2,Blog / guide / use-case page
retainer management software,Problem Aware,Informational / Commercial Investigation,P2,Blog / guide / use-case page
monthly retainer management software,Problem Aware,Informational / Commercial Investigation,P2,Blog / guide / use-case page
agency client communication software,Client Communication,Commercial / Informational,P2,Use-case / feature page
client communication software,Client Communication,Commercial / Informational,P2,Use-case / feature page
client communication platform,Client Communication,Commercial / Informational,P2,Use-case / feature page
client collaboration software,Client Communication,Commercial / Informational,P2,Use-case / feature page
agency collaboration software,Client Communication,Commercial / Informational,P2,Use-case / feature page
client collaboration platform,Client Communication,Commercial / Informational,P2,Use-case / feature page
agency client collaboration,Client Communication,Commercial / Informational,P2,Use-case / feature page
project communication with clients,Client Communication,Commercial / Informational,P2,Use-case / feature page
client project communication software,Client Communication,Commercial / Informational,P2,Use-case / feature page
client feedback software for agencies,Client Communication,Commercial / Informational,P2,Use-case / feature page
client approval software,Client Communication,Commercial / Informational,P2,Use-case / feature page
client comments project management,Client Communication,Commercial / Informational,P2,Use-case / feature page
centralize client communication,Client Communication,Commercial / Informational,P2,Use-case / feature page
manage client feedback,Client Communication,Commercial / Informational,P2,Use-case / feature page
agency feedback management,Client Communication,Commercial / Informational,P2,Use-case / feature page
client status update software,Client Communication,Commercial / Informational,P2,Use-case / feature page
client project update software,Client Communication,Commercial / Informational,P2,Use-case / feature page
automated client status updates,Client Communication,Commercial / Informational,P2,Use-case / feature page
client progress tracking portal,Client Communication,Commercial / Informational,P2,Use-case / feature page
project progress portal for clients,Client Communication,Commercial / Informational,P2,Use-case / feature page
agency account management software,Team & Account Management,Commercial,P3,Feature / use-case page
account management software for agencies,Team & Account Management,Commercial,P3,Feature / use-case page
client account management software,Team & Account Management,Commercial,P3,Feature / use-case page
agency team management software,Team & Account Management,Commercial,P3,Feature / use-case page
team management software for agencies,Team & Account Management,Commercial,P3,Feature / use-case page
agency workload management,Team & Account Management,Commercial,P3,Feature / use-case page
agency team collaboration,Team & Account Management,Commercial,P3,Feature / use-case page
client account tracking software,Team & Account Management,Commercial,P3,Feature / use-case page
agency staff management software,Team & Account Management,Commercial,P3,Feature / use-case page
role based agency software,Team & Account Management,Commercial,P3,Feature / use-case page
agency permissions software,Team & Account Management,Commercial,P3,Feature / use-case page
client permissions software,Team & Account Management,Commercial,P3,Feature / use-case page
contractor project management for agencies,Team & Account Management,Commercial,P3,Feature / use-case page
agency team dashboard,Team & Account Management,Commercial,P3,Feature / use-case page
agency dashboard software,Reporting & Dashboards,Commercial,P3,Feature / use-case page
agency management dashboard,Reporting & Dashboards,Commercial,P3,Feature / use-case page
agency operations dashboard,Reporting & Dashboards,Commercial,P3,Feature / use-case page
client management dashboard,Reporting & Dashboards,Commercial,P3,Feature / use-case page
agency KPI dashboard,Reporting & Dashboards,Commercial,P3,Feature / use-case page
agency reporting software,Reporting & Dashboards,Commercial,P3,Feature / use-case page
client reporting software,Reporting & Dashboards,Commercial,P3,Feature / use-case page
project reporting software for agencies,Reporting & Dashboards,Commercial,P3,Feature / use-case page
marketing agency dashboard software,Reporting & Dashboards,Commercial,P3,Feature / use-case page
digital agency dashboard,Reporting & Dashboards,Commercial,P3,Feature / use-case page
creative agency dashboard,Reporting & Dashboards,Commercial,P3,Feature / use-case page
agency performance dashboard,Reporting & Dashboards,Commercial,P3,Feature / use-case page
project status dashboard,Reporting & Dashboards,Commercial,P3,Feature / use-case page
client status dashboard,Reporting & Dashboards,Commercial,P3,Feature / use-case page
agency client dashboard,Reporting & Dashboards,Commercial,P3,Feature / use-case page
agency business dashboard,Reporting & Dashboards,Commercial,P3,Feature / use-case page
best agency software,Best / BOFU,Commercial Investigation,P1,Best-of comparison article
best agency management tools,Best / BOFU,Commercial Investigation,P1,Best-of comparison article
best software for agencies,Best / BOFU,Commercial Investigation,P1,Best-of comparison article
best agency CRM software,Best / BOFU,Commercial Investigation,P1,Best-of comparison article
best CRM for marketing agencies,Best / BOFU,Commercial Investigation,P1,Best-of comparison article
best CRM for digital agencies,Best / BOFU,Commercial Investigation,P1,Best-of comparison article
best CRM for creative agencies,Best / BOFU,Commercial Investigation,P1,Best-of comparison article
best client management software for agencies,Best / BOFU,Commercial Investigation,P1,Best-of comparison article
best client portal software,Best / BOFU,Commercial Investigation,P1,Best-of comparison article
best invoicing software for agencies,Best / BOFU,Commercial Investigation,P1,Best-of comparison article
best marketing agency software,Best / BOFU,Commercial Investigation,P1,Best-of comparison article
best digital agency software,Best / BOFU,Commercial Investigation,P1,Best-of comparison article
best creative agency software,Best / BOFU,Commercial Investigation,P1,Best-of comparison article
best software for small agencies,Best / BOFU,Commercial Investigation,P1,Best-of comparison article
best freelancer management software,Best / BOFU,Commercial Investigation,P1,Best-of comparison article
best client management software for freelancers,Best / BOFU,Commercial Investigation,P1,Best-of comparison article
best project management software for freelancers,Best / BOFU,Commercial Investigation,P1,Best-of comparison article
ClickUp alternative,Competitor Alternatives - ClickUp,Commercial Investigation,P1,Alternative / comparison page
ClickUp alternatives,Competitor Alternatives - ClickUp,Commercial Investigation,P1,Alternative / comparison page
best ClickUp alternative,Competitor Alternatives - ClickUp,Commercial Investigation,P1,Alternative / comparison page
ClickUp alternative for agencies,Competitor Alternatives - ClickUp,Commercial Investigation,P1,Alternative / comparison page
ClickUp alternative for marketing agencies,Competitor Alternatives - ClickUp,Commercial Investigation,P1,Alternative / comparison page
ClickUp alternative for client management,Competitor Alternatives - ClickUp,Commercial Investigation,P1,Alternative / comparison page
ClickUp alternative with client portal,Competitor Alternatives - ClickUp,Commercial Investigation,P1,Alternative / comparison page
ClickUp alternative with invoicing,Competitor Alternatives - ClickUp,Commercial Investigation,P1,Alternative / comparison page
ClickUp vs agency management software,Competitor Alternatives - ClickUp,Commercial Investigation,P1,Alternative / comparison page
ClickUp for agencies,Competitor Alternatives - ClickUp,Commercial Investigation,P1,Alternative / comparison page
ClickUp agency alternative,Competitor Alternatives - ClickUp,Commercial Investigation,P1,Alternative / comparison page
Asana alternative,Competitor Alternatives - Asana,Commercial Investigation,P1,Alternative / comparison page
Asana alternatives,Competitor Alternatives - Asana,Commercial Investigation,P1,Alternative / comparison page
Asana alternative for agencies,Competitor Alternatives - Asana,Commercial Investigation,P1,Alternative / comparison page
Asana alternative for marketing agencies,Competitor Alternatives - Asana,Commercial Investigation,P1,Alternative / comparison page
Asana alternative with client portal,Competitor Alternatives - Asana,Commercial Investigation,P1,Alternative / comparison page
Asana alternative with invoicing,Competitor Alternatives - Asana,Commercial Investigation,P1,Alternative / comparison page
Asana for agencies,Competitor Alternatives - Asana,Commercial Investigation,P1,Alternative / comparison page
Asana agency alternative,Competitor Alternatives - Asana,Commercial Investigation,P1,Alternative / comparison page
monday.com alternative,Competitor Alternatives - Monday,Commercial Investigation,P1,Alternative / comparison page
Monday alternative for agencies,Competitor Alternatives - Monday,Commercial Investigation,P1,Alternative / comparison page
monday CRM alternative,Competitor Alternatives - Monday,Commercial Investigation,P1,Alternative / comparison page
Monday alternative with client portal,Competitor Alternatives - Monday,Commercial Investigation,P1,Alternative / comparison page
Monday agency management alternative,Competitor Alternatives - Monday,Commercial Investigation,P1,Alternative / comparison page
Monday.com for agencies,Competitor Alternatives - Monday,Commercial Investigation,P1,Alternative / comparison page
Notion alternative,Competitor Alternatives - Notion,Commercial Investigation,P1,Alternative / comparison page
Notion alternative for agencies,Competitor Alternatives - Notion,Commercial Investigation,P1,Alternative / comparison page
Notion CRM alternative,Competitor Alternatives - Notion,Commercial Investigation,P1,Alternative / comparison page
Notion client management alternative,Competitor Alternatives - Notion,Commercial Investigation,P1,Alternative / comparison page
Notion agency management alternative,Competitor Alternatives - Notion,Commercial Investigation,P1,Alternative / comparison page
Notion alternative with invoicing,Competitor Alternatives - Notion,Commercial Investigation,P1,Alternative / comparison page
Notion alternative with client portal,Competitor Alternatives - Notion,Commercial Investigation,P1,Alternative / comparison page
HubSpot alternative,Competitor Alternatives - HubSpot,Commercial Investigation,P1,Alternative / comparison page
HubSpot CRM alternative,Competitor Alternatives - HubSpot,Commercial Investigation,P1,Alternative / comparison page
HubSpot alternative for agencies,Competitor Alternatives - HubSpot,Commercial Investigation,P1,Alternative / comparison page
HubSpot alternative for small agencies,Competitor Alternatives - HubSpot,Commercial Investigation,P1,Alternative / comparison page
cheaper HubSpot alternative,Competitor Alternatives - HubSpot,Commercial Investigation,P1,Alternative / comparison page
simple HubSpot alternative,Competitor Alternatives - HubSpot,Commercial Investigation,P1,Alternative / comparison page
HubSpot client management alternative,Competitor Alternatives - HubSpot,Commercial Investigation,P1,Alternative / comparison page
HubSpot alternative with project management,Competitor Alternatives - HubSpot,Commercial Investigation,P1,Alternative / comparison page
HubSpot alternative with client portal,Competitor Alternatives - HubSpot,Commercial Investigation,P1,Alternative / comparison page
Zoho CRM alternative,Competitor Alternatives - Zoho CRM,Commercial Investigation,P1,Alternative / comparison page
Zoho alternative for agencies,Competitor Alternatives - Zoho CRM,Commercial Investigation,P1,Alternative / comparison page
simpler Zoho CRM alternative,Competitor Alternatives - Zoho CRM,Commercial Investigation,P1,Alternative / comparison page
Zoho CRM alternative for small business,Competitor Alternatives - Zoho CRM,Commercial Investigation,P1,Alternative / comparison page
Zoho CRM alternative with project management,Competitor Alternatives - Zoho CRM,Commercial Investigation,P1,Alternative / comparison page
Zoho CRM agency alternative,Competitor Alternatives - Zoho CRM,Commercial Investigation,P1,Alternative / comparison page
Teamwork alternative,Competitor Alternatives - Expansion,Commercial Investigation,P1,Alternative page
Teamwork alternatives,Competitor Alternatives - Expansion,Commercial Investigation,P1,Alternative page
Teamwork alternative for agencies,Competitor Alternatives - Expansion,Commercial Investigation,P1,Alternative page
Productive.io alternative,Competitor Alternatives - Expansion,Commercial Investigation,P1,Alternative page
Productive alternative for agencies,Competitor Alternatives - Expansion,Commercial Investigation,P1,Alternative page
Scoro alternative,Competitor Alternatives - Expansion,Commercial Investigation,P1,Alternative page
Scoro alternatives,Competitor Alternatives - Expansion,Commercial Investigation,P1,Alternative page
cheaper Scoro alternative,Competitor Alternatives - Expansion,Commercial Investigation,P1,Alternative page
Accelo alternative,Competitor Alternatives - Expansion,Commercial Investigation,P1,Alternative page
Accelo alternatives,Competitor Alternatives - Expansion,Commercial Investigation,P1,Alternative page
Workamajig alternative,Competitor Alternatives - Expansion,Commercial Investigation,P1,Alternative page
Function Point alternative,Competitor Alternatives - Expansion,Commercial Investigation,P1,Alternative page
Kantata alternative,Competitor Alternatives - Expansion,Commercial Investigation,P1,Alternative page
SuiteDash alternative,Competitor Alternatives - Expansion,Commercial Investigation,P1,Alternative page
SuiteDash alternatives,Competitor Alternatives - Expansion,Commercial Investigation,P1,Alternative page
SuiteDash alternative for agencies,Competitor Alternatives - Expansion,Commercial Investigation,P1,Alternative page
ManyRequests alternative,Competitor Alternatives - Expansion,Commercial Investigation,P1,Alternative page
ManyRequests alternatives,Competitor Alternatives - Expansion,Commercial Investigation,P1,Alternative page
Kitchen.co alternative,Competitor Alternatives - Expansion,Commercial Investigation,P1,Alternative page
ClientVenue alternative,Competitor Alternatives - Expansion,Commercial Investigation,P1,Alternative page
AgencyPro alternative,Competitor Alternatives - Expansion,Commercial Investigation,P1,Alternative page
Agency Handy alternative,Competitor Alternatives - Expansion,Commercial Investigation,P1,Alternative page
Plutio alternative,Competitor Alternatives - Expansion,Commercial Investigation,P1,Alternative page
Plutio alternatives,Competitor Alternatives - Expansion,Commercial Investigation,P1,Alternative page
HoneyBook alternative,Competitor Alternatives - Expansion,Commercial Investigation,P1,Alternative page
HoneyBook alternative for agencies,Competitor Alternatives - Expansion,Commercial Investigation,P1,Alternative page
Dubsado alternative,Competitor Alternatives - Expansion,Commercial Investigation,P1,Alternative page
Bonsai alternative,Competitor Alternatives - Expansion,Commercial Investigation,P1,Alternative page
Clientjoy alternative,Competitor Alternatives - Expansion,Commercial Investigation,P1,Alternative page
Flowlu alternative,Competitor Alternatives - Expansion,Commercial Investigation,P1,Alternative page
Copilot client portal alternative,Competitor Alternatives - Expansion,Commercial Investigation,P1,Alternative page
Moxo alternative,Competitor Alternatives - Expansion,Commercial Investigation,P1,Alternative page
Sarion vs ClickUp,Sarion Comparisons,Transactional / Commercial Investigation,P1,Brand comparison page
Sarion vs Asana,Sarion Comparisons,Transactional / Commercial Investigation,P1,Brand comparison page
Sarion vs Monday,Sarion Comparisons,Transactional / Commercial Investigation,P1,Brand comparison page
Sarion vs Notion,Sarion Comparisons,Transactional / Commercial Investigation,P1,Brand comparison page
Sarion vs HubSpot,Sarion Comparisons,Transactional / Commercial Investigation,P1,Brand comparison page
Sarion vs Zoho CRM,Sarion Comparisons,Transactional / Commercial Investigation,P1,Brand comparison page
Sarion vs Teamwork,Sarion Comparisons,Transactional / Commercial Investigation,P1,Brand comparison page
Sarion vs Productive,Sarion Comparisons,Transactional / Commercial Investigation,P1,Brand comparison page
Sarion vs Scoro,Sarion Comparisons,Transactional / Commercial Investigation,P1,Brand comparison page
Sarion vs Accelo,Sarion Comparisons,Transactional / Commercial Investigation,P1,Brand comparison page
Sarion vs SuiteDash,Sarion Comparisons,Transactional / Commercial Investigation,P1,Brand comparison page
Sarion vs ManyRequests,Sarion Comparisons,Transactional / Commercial Investigation,P1,Brand comparison page
Sarion vs HoneyBook,Sarion Comparisons,Transactional / Commercial Investigation,P1,Brand comparison page
Sarion vs Dubsado,Sarion Comparisons,Transactional / Commercial Investigation,P1,Brand comparison page
Sarion vs Bonsai,Sarion Comparisons,Transactional / Commercial Investigation,P1,Brand comparison page
Sarion vs Plutio,Sarion Comparisons,Transactional / Commercial Investigation,P1,Brand comparison page
Sarion vs Clientjoy,Sarion Comparisons,Transactional / Commercial Investigation,P1,Brand comparison page
ClickUp vs Asana for agencies,Competitor vs Competitor,Commercial Investigation,P2,Comparison article
ClickUp vs Teamwork for agencies,Competitor vs Competitor,Commercial Investigation,P2,Comparison article
Teamwork vs Productive,Competitor vs Competitor,Commercial Investigation,P2,Comparison article
Productive vs Scoro,Competitor vs Competitor,Commercial Investigation,P2,Comparison article
SuiteDash vs ManyRequests,Competitor vs Competitor,Commercial Investigation,P2,Comparison article
HoneyBook vs Dubsado,Competitor vs Competitor,Commercial Investigation,P2,Comparison article
HoneyBook vs Bonsai,Competitor vs Competitor,Commercial Investigation,P2,Comparison article
HubSpot vs Zoho for agencies,Competitor vs Competitor,Commercial Investigation,P2,Comparison article
replace multiple agency tools,Tool Consolidation,Commercial Investigation,P1,Use-case / commercial page
all in one alternative to ClickUp and QuickBooks,Tool Consolidation,Commercial Investigation,P1,Use-case / commercial page
CRM project management invoicing in one,Tool Consolidation,Commercial Investigation,P1,Use-case / commercial page
CRM project management client portal,Tool Consolidation,Commercial Investigation,P1,Use-case / commercial page
CRM project management invoicing platform,Tool Consolidation,Commercial Investigation,P1,Use-case / commercial page
project management CRM invoicing software,Tool Consolidation,Commercial Investigation,P1,Use-case / commercial page
client management project management invoicing software,Tool Consolidation,Commercial Investigation,P1,Use-case / commercial page
CRM client portal invoicing software,Tool Consolidation,Commercial Investigation,P1,Use-case / commercial page
all in one client management software,Tool Consolidation,Commercial Investigation,P1,Use-case / commercial page
all in one client portal software,Tool Consolidation,Commercial Investigation,P1,Use-case / commercial page
all in one agency platform,Tool Consolidation,Commercial Investigation,P1,Use-case / commercial page
agency software with everything in one place,Tool Consolidation,Commercial Investigation,P1,Use-case / commercial page
one platform for agency management,Tool Consolidation,Commercial Investigation,P1,Use-case / commercial page
consolidate agency software,Tool Consolidation,Commercial Investigation,P1,Use-case / commercial page
agency tool consolidation,Tool Consolidation,Commercial Investigation,P1,Use-case / commercial page
replace agency spreadsheets,Tool Consolidation,Commercial Investigation,P1,Use-case / commercial page
agency spreadsheet alternative,Tool Consolidation,Commercial Investigation,P1,Use-case / commercial page
CRM spreadsheet alternative,Tool Consolidation,Commercial Investigation,P1,Use-case / commercial page
client management spreadsheet alternative,Tool Consolidation,Commercial Investigation,P1,Use-case / commercial page
agency management software pricing,Pricing Intent,Transactional,P1,Pricing / commercial landing page
agency CRM pricing,Pricing Intent,Transactional,P1,Pricing / commercial landing page
client portal software pricing,Pricing Intent,Transactional,P1,Pricing / commercial landing page
agency project management software pricing,Pricing Intent,Transactional,P1,Pricing / commercial landing page
cheapest agency management software,Pricing Intent,Transactional,P1,Pricing / commercial landing page
agency software under $50,Pricing Intent,Transactional,P1,Pricing / commercial landing page
agency software $50 month,Pricing Intent,Transactional,P1,Pricing / commercial landing page
free client portal software,Pricing Intent,Transactional,P1,Pricing / commercial landing page
free CRM with client portal,Pricing Intent,Transactional,P1,Pricing / commercial landing page
free project management CRM,Pricing Intent,Transactional,P1,Pricing / commercial landing page
agency CRM free trial,Pricing Intent,Transactional,P1,Pricing / commercial landing page
client portal free trial,Pricing Intent,Transactional,P1,Pricing / commercial landing page
no credit card agency software,Pricing Intent,Transactional,P1,Pricing / commercial landing page
agency CRM no credit card,Pricing Intent,Transactional,P1,Pricing / commercial landing page
client portal no credit card required,Pricing Intent,Transactional,P1,Pricing / commercial landing page
CRM with client portal and invoicing,Feature Combinations,Commercial,P1,Feature-combination landing page
CRM with project management client portal,Feature Combinations,Commercial,P1,Feature-combination landing page
CRM invoicing project management client portal,Feature Combinations,Commercial,P1,Feature-combination landing page
project management with invoicing,Feature Combinations,Commercial,P1,Feature-combination landing page
project management with CRM,Feature Combinations,Commercial,P1,Feature-combination landing page
client management with invoicing,Feature Combinations,Commercial,P1,Feature-combination landing page
client management with project tracking,Feature Combinations,Commercial,P1,Feature-combination landing page
client management with portal,Feature Combinations,Commercial,P1,Feature-combination landing page
client portal with invoice tracking,Feature Combinations,Commercial,P1,Feature-combination landing page
client portal with project updates,Feature Combinations,Commercial,P1,Feature-combination landing page
agency CRM with task management,Feature Combinations,Commercial,P1,Feature-combination landing page
agency CRM with invoice tracking,Feature Combinations,Commercial,P1,Feature-combination landing page
agency CRM with client dashboard,Feature Combinations,Commercial,P1,Feature-combination landing page
all in one CRM and project management software,Feature Combinations,Commercial,P1,Feature-combination landing page
CRM PM invoicing software,Feature Combinations,Commercial,P1,Feature-combination landing page
CRM project invoice management software,Feature Combinations,Commercial,P1,Feature-combination landing page
when to switch agency management software,Switching / Migration,Commercial Investigation,P2,Migration / alternative content
agency software migration,Switching / Migration,Commercial Investigation,P2,Migration / alternative content
migrate agency CRM,Switching / Migration,Commercial Investigation,P2,Migration / alternative content
migrate from spreadsheets to CRM,Switching / Migration,Commercial Investigation,P2,Migration / alternative content
move agency from spreadsheets,Switching / Migration,Commercial Investigation,P2,Migration / alternative content
replace spreadsheets with agency software,Switching / Migration,Commercial Investigation,P2,Migration / alternative content
move from ClickUp to agency software,Switching / Migration,Commercial Investigation,P2,Migration / alternative content
move from Notion to CRM,Switching / Migration,Commercial Investigation,P2,Migration / alternative content
migrate from HubSpot,Switching / Migration,Commercial Investigation,P2,Migration / alternative content
HubSpot too expensive alternative,Switching / Migration,Commercial Investigation,P2,Migration / alternative content
ClickUp too complicated alternative,Switching / Migration,Commercial Investigation,P2,Migration / alternative content
Asana alternative for client work,Switching / Migration,Commercial Investigation,P2,Migration / alternative content
Monday alternative for agency,Switching / Migration,Commercial Investigation,P2,Migration / alternative content
agency software without setup,Switching / Migration,Commercial Investigation,P2,Migration / alternative content
easy to set up agency CRM,Switching / Migration,Commercial Investigation,P2,Migration / alternative content
CRM for agencies without sales pipeline,Switching / Migration,Commercial Investigation,P2,Migration / alternative content
CRM without sales pipeline,Switching / Migration,Commercial Investigation,P2,Migration / alternative content
simple CRM without sales features,Switching / Migration,Commercial Investigation,P2,Migration / alternative content
CRM focused on existing clients,Switching / Migration,Commercial Investigation,P2,Migration / alternative content
CRM for post sale client management,Switching / Migration,Commercial Investigation,P2,Migration / alternative content
what is agency management software,Informational - Agency Management,Informational,P2,Blog / guide
what does agency management software do,Informational - Agency Management,Informational,P2,Blog / guide
how agency management software works,Informational - Agency Management,Informational,P2,Blog / guide
benefits of agency management software,Informational - Agency Management,Informational,P2,Blog / guide
agency management software features,Informational - Agency Management,Informational,P2,Blog / guide
agency management system examples,Informational - Agency Management,Informational,P2,Blog / guide
agency management tools,Informational - Agency Management,Informational,P2,Blog / guide
agency operations tools,Informational - Agency Management,Informational,P2,Blog / guide
what is an agency CRM,Informational - CRM,Informational,P2,Blog / guide
agency CRM meaning,Informational - CRM,Informational,P2,Blog / guide
agency CRM features,Informational - CRM,Informational,P2,Blog / guide
why agencies need CRM,Informational - CRM,Informational,P2,Blog / guide
how to choose agency CRM,Informational - CRM,Informational,P2,Blog / guide
agency CRM vs traditional CRM,Informational - CRM,Informational,P2,Blog / guide
agency CRM vs project management,Informational - CRM,Informational,P2,Blog / guide
CRM vs project management for agencies,Informational - CRM,Informational,P2,Blog / guide
CRM vs spreadsheets for agencies,Informational - CRM,Informational,P2,Blog / guide
what is a client portal,Informational - Client Portal,Informational,P2,Blog / guide
what is client portal software,Informational - Client Portal,Informational,P2,Blog / guide
client portal examples,Informational - Client Portal,Informational,P2,Blog / guide
client portal features,Informational - Client Portal,Informational,P2,Blog / guide
client portal benefits,Informational - Client Portal,Informational,P2,Blog / guide
why agencies need client portals,Informational - Client Portal,Informational,P2,Blog / guide
client portal vs email,Informational - Client Portal,Informational,P2,Blog / guide
client portal vs shared drive,Informational - Client Portal,Informational,P2,Blog / guide
client portal vs project management software,Informational - Client Portal,Informational,P2,Blog / guide
how to create client portal,Informational - Client Portal,Informational,P2,Blog / guide
how to set up client portal,Informational - Client Portal,Informational,P2,Blog / guide
what should a client portal include,Informational - Client Portal,Informational,P2,Blog / guide
agency project management best practices,Informational - Project Management,Informational,P2,Blog / guide
creative agency workflow,Informational - Project Management,Informational,P2,Blog / guide
project workflow for agencies,Informational - Project Management,Informational,P2,Blog / guide
manage multiple client projects,Informational - Project Management,Informational,P2,Blog / guide
agency project management process,Informational - Project Management,Informational,P2,Blog / guide
client onboarding,Client Onboarding,Informational / Commercial,P2,Use-case hub + guides
client onboarding software,Client Onboarding,Informational / Commercial,P2,Use-case hub + guides
customer onboarding software,Client Onboarding,Informational / Commercial,P2,Use-case hub + guides
agency client onboarding,Client Onboarding,Informational / Commercial,P2,Use-case hub + guides
marketing agency client onboarding,Client Onboarding,Informational / Commercial,P2,Use-case hub + guides
digital agency client onboarding,Client Onboarding,Informational / Commercial,P2,Use-case hub + guides
creative agency client onboarding,Client Onboarding,Informational / Commercial,P2,Use-case hub + guides
freelancer client onboarding,Client Onboarding,Informational / Commercial,P2,Use-case hub + guides
consultant client onboarding,Client Onboarding,Informational / Commercial,P2,Use-case hub + guides
client onboarding checklist,Client Onboarding,Informational / Commercial,P2,Use-case hub + guides
digital marketing client onboarding checklist,Client Onboarding,Informational / Commercial,P2,Use-case hub + guides
new client onboarding process,Client Onboarding,Informational / Commercial,P2,Use-case hub + guides
client onboarding workflow,Client Onboarding,Informational / Commercial,P2,Use-case hub + guides
agency onboarding workflow,Client Onboarding,Informational / Commercial,P2,Use-case hub + guides
client onboarding automation,Client Onboarding,Informational / Commercial,P2,Use-case hub + guides
client onboarding portal,Client Onboarding,Informational / Commercial,P2,Use-case hub + guides
client onboarding CRM,Client Onboarding,Informational / Commercial,P2,Use-case hub + guides
client retainer management software,Retainer Management,Commercial / Informational,P2,Use-case page + guides
agency retainer management software,Retainer Management,Commercial / Informational,P2,Use-case page + guides
retainer tracking software,Retainer Management,Commercial / Informational,P2,Use-case page + guides
monthly retainer software,Retainer Management,Commercial / Informational,P2,Use-case page + guides
agency retainer software,Retainer Management,Commercial / Informational,P2,Use-case page + guides
marketing agency retainer management,Retainer Management,Commercial / Informational,P2,Use-case page + guides
SEO retainer management,Retainer Management,Commercial / Informational,P2,Use-case page + guides
manage monthly clients,Retainer Management,Commercial / Informational,P2,Use-case page + guides
manage recurring agency clients,Retainer Management,Commercial / Informational,P2,Use-case page + guides
recurring client management software,Retainer Management,Commercial / Informational,P2,Use-case page + guides
retainer client management,Retainer Management,Commercial / Informational,P2,Use-case page + guides
retainer project management,Retainer Management,Commercial / Informational,P2,Use-case page + guides
agency recurring billing management,Retainer Management,Commercial / Informational,P2,Use-case page + guides
agency management software USA,Geographic - United States,Commercial / Localized,P3,Localized landing page only if justified
agency CRM USA,Geographic - United States,Commercial / Localized,P3,Localized landing page only if justified
client portal software USA,Geographic - United States,Commercial / Localized,P3,Localized landing page only if justified
marketing agency software USA,Geographic - United States,Commercial / Localized,P3,Localized landing page only if justified
software for marketing agencies USA,Geographic - United States,Commercial / Localized,P3,Localized landing page only if justified
agency management software UK,Geographic - United Kingdom,Commercial / Localized,P3,Localized landing page only if justified
agency CRM UK,Geographic - United Kingdom,Commercial / Localized,P3,Localized landing page only if justified
CRM for marketing agencies UK,Geographic - United Kingdom,Commercial / Localized,P3,Localized landing page only if justified
client portal software UK,Geographic - United Kingdom,Commercial / Localized,P3,Localized landing page only if justified
creative agency software UK,Geographic - United Kingdom,Commercial / Localized,P3,Localized landing page only if justified
agency management software Canada,Geographic - Canada,Commercial / Localized,P3,Localized landing page only if justified
agency CRM Canada,Geographic - Canada,Commercial / Localized,P3,Localized landing page only if justified
digital agency software Canada,Geographic - Canada,Commercial / Localized,P3,Localized landing page only if justified
client portal software Canada,Geographic - Canada,Commercial / Localized,P3,Localized landing page only if justified
agency management software Australia,Geographic - Australia,Commercial / Localized,P3,Localized landing page only if justified
agency CRM Australia,Geographic - Australia,Commercial / Localized,P3,Localized landing page only if justified
marketing agency software Australia,Geographic - Australia,Commercial / Localized,P3,Localized landing page only if justified
client portal software Australia,Geographic - Australia,Commercial / Localized,P3,Localized landing page only if justified
agency management software India,Geographic - India,Commercial / Localized,P3,Localized landing page only if justified
agency CRM India,Geographic - India,Commercial / Localized,P3,Localized landing page only if justified
marketing agency software India,Geographic - India,Commercial / Localized,P3,Localized landing page only if justified
digital agency software India,Geographic - India,Commercial / Localized,P3,Localized landing page only if justified
client portal software India,Geographic - India,Commercial / Localized,P3,Localized landing page only if justified
freelancer CRM India,Geographic - India,Commercial / Localized,P3,Localized landing page only if justified
agency management software UAE,Geographic - UAE,Commercial / Localized,P3,Localized landing page only if justified
agency CRM UAE,Geographic - UAE,Commercial / Localized,P3,Localized landing page only if justified
marketing agency software Dubai,Geographic - UAE,Commercial / Localized,P3,Localized landing page only if justified
digital agency software Dubai,Geographic - UAE,Commercial / Localized,P3,Localized landing page only if justified
CRM for agencies Dubai,Geographic - UAE,Commercial / Localized,P3,Localized landing page only if justified
client portal software UAE,Geographic - UAE,Commercial / Localized,P3,Localized landing page only if justified
agency management software Singapore,Geographic - Singapore,Commercial / Localized,P3,Localized landing page only if justified
agency CRM Singapore,Geographic - Singapore,Commercial / Localized,P3,Localized landing page only if justified
digital agency management software Singapore,Geographic - Singapore,Commercial / Localized,P3,Localized landing page only if justified
agency management software Germany,Geographic - Germany,Commercial / Localized,P3,Localized landing page only if justified
agency CRM Germany,Geographic - Germany,Commercial / Localized,P3,Localized landing page only if justified
client portal software Germany,Geographic - Germany,Commercial / Localized,P3,Localized landing page only if justified
marketing agency software Germany,Geographic - Germany,Commercial / Localized,P3,Localized landing page only if justified
digital agency software Germany,Geographic - Germany,Commercial / Localized,P3,Localized landing page only if justified
agency management software France,Geographic - France,Commercial / Localized,P3,Localized landing page only if justified
agency CRM France,Geographic - France,Commercial / Localized,P3,Localized landing page only if justified
client portal software France,Geographic - France,Commercial / Localized,P3,Localized landing page only if justified
marketing agency software France,Geographic - France,Commercial / Localized,P3,Localized landing page only if justified
digital agency software France,Geographic - France,Commercial / Localized,P3,Localized landing page only if justified
agency management software Netherlands,Geographic - Netherlands,Commercial / Localized,P3,Localized landing page only if justified
agency CRM Netherlands,Geographic - Netherlands,Commercial / Localized,P3,Localized landing page only if justified
client portal software Netherlands,Geographic - Netherlands,Commercial / Localized,P3,Localized landing page only if justified
marketing agency software Netherlands,Geographic - Netherlands,Commercial / Localized,P3,Localized landing page only if justified
digital agency software Netherlands,Geographic - Netherlands,Commercial / Localized,P3,Localized landing page only if justified
agency management software Ireland,Geographic - Ireland,Commercial / Localized,P3,Localized landing page only if justified
agency CRM Ireland,Geographic - Ireland,Commercial / Localized,P3,Localized landing page only if justified
client portal software Ireland,Geographic - Ireland,Commercial / Localized,P3,Localized landing page only if justified
marketing agency software Ireland,Geographic - Ireland,Commercial / Localized,P3,Localized landing page only if justified
digital agency software Ireland,Geographic - Ireland,Commercial / Localized,P3,Localized landing page only if justified
agency management software New Zealand,Geographic - New Zealand,Commercial / Localized,P3,Localized landing page only if justified
agency CRM New Zealand,Geographic - New Zealand,Commercial / Localized,P3,Localized landing page only if justified
client portal software New Zealand,Geographic - New Zealand,Commercial / Localized,P3,Localized landing page only if justified
marketing agency software New Zealand,Geographic - New Zealand,Commercial / Localized,P3,Localized landing page only if justified
digital agency software New Zealand,Geographic - New Zealand,Commercial / Localized,P3,Localized landing page only if justified
agency management software South Africa,Geographic - South Africa,Commercial / Localized,P3,Localized landing page only if justified
agency CRM South Africa,Geographic - South Africa,Commercial / Localized,P3,Localized landing page only if justified
client portal software South Africa,Geographic - South Africa,Commercial / Localized,P3,Localized landing page only if justified
marketing agency software South Africa,Geographic - South Africa,Commercial / Localized,P3,Localized landing page only if justified
digital agency software South Africa,Geographic - South Africa,Commercial / Localized,P3,Localized landing page only if justified
agency management software Saudi Arabia,Geographic - Saudi Arabia,Commercial / Localized,P3,Localized landing page only if justified
agency CRM Saudi Arabia,Geographic - Saudi Arabia,Commercial / Localized,P3,Localized landing page only if justified
client portal software Saudi Arabia,Geographic - Saudi Arabia,Commercial / Localized,P3,Localized landing page only if justified
marketing agency software Saudi Arabia,Geographic - Saudi Arabia,Commercial / Localized,P3,Localized landing page only if justified
digital agency software Saudi Arabia,Geographic - Saudi Arabia,Commercial / Localized,P3,Localized landing page only if justified
agency management software Qatar,Geographic - Qatar,Commercial / Localized,P3,Localized landing page only if justified
agency CRM Qatar,Geographic - Qatar,Commercial / Localized,P3,Localized landing page only if justified
client portal software Qatar,Geographic - Qatar,Commercial / Localized,P3,Localized landing page only if justified
marketing agency software Qatar,Geographic - Qatar,Commercial / Localized,P3,Localized landing page only if justified
digital agency software Qatar,Geographic - Qatar,Commercial / Localized,P3,Localized landing page only if justified
agency management software Malaysia,Geographic - Malaysia,Commercial / Localized,P3,Localized landing page only if justified
agency CRM Malaysia,Geographic - Malaysia,Commercial / Localized,P3,Localized landing page only if justified
client portal software Malaysia,Geographic - Malaysia,Commercial / Localized,P3,Localized landing page only if justified
marketing agency software Malaysia,Geographic - Malaysia,Commercial / Localized,P3,Localized landing page only if justified
digital agency software Malaysia,Geographic - Malaysia,Commercial / Localized,P3,Localized landing page only if justified
agency management software Philippines,Geographic - Philippines,Commercial / Localized,P3,Localized landing page only if justified
agency CRM Philippines,Geographic - Philippines,Commercial / Localized,P3,Localized landing page only if justified
client portal software Philippines,Geographic - Philippines,Commercial / Localized,P3,Localized landing page only if justified
marketing agency software Philippines,Geographic - Philippines,Commercial / Localized,P3,Localized landing page only if justified
digital agency software Philippines,Geographic - Philippines,Commercial / Localized,P3,Localized landing page only if justified
what is the best software for running an agency,AI / Natural Language Queries,Informational / Commercial Investigation,P2,FAQ / blog / AI-search answer content
what software do marketing agencies use,AI / Natural Language Queries,Informational / Commercial Investigation,P2,FAQ / blog / AI-search answer content
what CRM is best for small agencies,AI / Natural Language Queries,Informational / Commercial Investigation,P2,FAQ / blog / AI-search answer content
what is the best CRM for a creative agency,AI / Natural Language Queries,Informational / Commercial Investigation,P2,FAQ / blog / AI-search answer content
which CRM is best for marketing agencies,AI / Natural Language Queries,Informational / Commercial Investigation,P2,FAQ / blog / AI-search answer content
what software helps agencies manage clients,AI / Natural Language Queries,Informational / Commercial Investigation,P2,FAQ / blog / AI-search answer content
how do agencies keep track of clients,AI / Natural Language Queries,Informational / Commercial Investigation,P2,FAQ / blog / AI-search answer content
how do agencies manage projects and invoices,AI / Natural Language Queries,Informational / Commercial Investigation,P2,FAQ / blog / AI-search answer content
what is the best client portal for an agency,AI / Natural Language Queries,Informational / Commercial Investigation,P2,FAQ / blog / AI-search answer content
what software gives clients project updates,AI / Natural Language Queries,Informational / Commercial Investigation,P2,FAQ / blog / AI-search answer content
what is a good alternative to ClickUp for agencies,AI / Natural Language Queries,Informational / Commercial Investigation,P2,FAQ / blog / AI-search answer content
what is a simpler alternative to HubSpot,AI / Natural Language Queries,Informational / Commercial Investigation,P2,FAQ / blog / AI-search answer content
which agency software includes invoicing,AI / Natural Language Queries,Informational / Commercial Investigation,P2,FAQ / blog / AI-search answer content
what agency software includes a client portal,AI / Natural Language Queries,Informational / Commercial Investigation,P2,FAQ / blog / AI-search answer content
which CRM includes project management and invoicing,AI / Natural Language Queries,Informational / Commercial Investigation,P2,FAQ / blog / AI-search answer content
what is the best all in one agency platform,AI / Natural Language Queries,Informational / Commercial Investigation,P2,FAQ / blog / AI-search answer content
what is the best agency CRM for a small team,AI / Natural Language Queries,Informational / Commercial Investigation,P2,FAQ / blog / AI-search answer content
what software should a 5 person agency use,AI / Natural Language Queries,Informational / Commercial Investigation,P2,FAQ / blog / AI-search answer content
what is the best CRM for freelancers,AI / Natural Language Queries,Informational / Commercial Investigation,P2,FAQ / blog / AI-search answer content
how can freelancers manage clients and invoices,AI / Natural Language Queries,Informational / Commercial Investigation,P2,FAQ / blog / AI-search answer content
how do marketing agencies organize clients,AI / Natural Language Queries,Informational / Commercial Investigation,P2,FAQ / blog / AI-search answer content
how do I reduce client status update emails,AI / Natural Language Queries,Informational / Commercial Investigation,P2,FAQ / blog / AI-search answer content
